{
  "price_lag_168h_corr": 0.7715375902525193,
  "top10": {
    "clean_spark_spread": 0.8708759030327273,
    "dark_spread": 0.8708724430440313,
    "price_lag_24h": 0.8708724430440311,
    "price_roll7d_mean": 0.7837311765280769,
    "price_lag_48h": 0.7828696514818908,
    "price_lag_168h": 0.7715375902525193,
    "price_lag_72h": 0.7517233336579444,
    "price_lag_336h": 0.7069269139863487,
    "price_roll28d_mean": 0.7038541196315256,
    "price_roll7d_max": 0.6343793247197491
  }
}