{
  "MAE": 26.185683374696552,
  "RMSE": 40.36838743337845,
  "MAPE": 190.9461057464037,
  "sMAPE": 41.20838466426658,
  "skill_vs_naive_pct": 20.18776343876968,
  "skill_vs_ridge_pct": 30.926784735455392,
  "directional_accuracy_pct": 82.94626593806922,
  "winkler_score_80": 124.85043049067822,
  "winkler_score_80_qra": 163.13485655608935,
  "pinball_q10": 5.7944248020017,
  "pinball_q50": 11.561258133299367,
  "pinball_q90": 10.51906085360723,
  "pinball_q10_before_qra": 5.6853025987232435,
  "pinball_q50_before_qra": 11.866547536550325,
  "pinball_q90_before_qra": 11.148824802641874,
  "qra_comparison": {
    "method": "QRA (Nowotarski & Weron, 2018)",
    "q10": {
      "before_single_balanced": 5.6853025987232435,
      "after_qra": 5.7944248020017,
      "improvement_pct": -1.919373707618697
    },
    "q50": {
      "before_single_balanced": 11.866547536550325,
      "after_qra": 11.561258133299367,
      "improvement_pct": 2.5726893379108944
    },
    "q90": {
      "before_single_balanced": 11.148824802641874,
      "after_qra": 10.51906085360723,
      "improvement_pct": 5.648702533072471
    },
    "winkler_80_before_qra": 168.3412740136512,
    "winkler_80_after_qra": 163.13485655608935,
    "winkler_80_improvement_pct": 3.0927753684100394
  },
  "conformal_coverage_90_empirical": 0.9099499089253188,
  "mae_regime_0": 31.15265324040048,
  "mae_regime_1": 17.339467142814428,
  "mae_regime_2": 29.88576891466008,
  "mae_regime_3": 126.57449978298611,
  "peak_mae": 33.0040680745426,
  "offpeak_mae": 22.384796584569607,
  "mae_negative_price_hours": 33.070202913738186,
  "negative_price_recall": 0.87527352297593,
  "n_negative_price_hours": 457,
  "n_high_negative_price_risk_hours": 702,
  "negative_price_risk_threshold": 0.3,
  "negative_price_feature": "negative_price_probability",
  "tail_mae_p95": 55.59281720427429,
  "mae_extreme_hours": 26.45303082753869,
  "mae_normal_hours": 26.077650388637583,
  "n_extreme_hours": 2528,
  "n_normal_hours": 6256,
  "n_routed_to_extreme_model": 2005,
  "extreme_definition": "per-window: price > train p85 OR price < 0",
  "extreme_percentile": 85.0,
  "mean_absolute_signal_error_eur": 26.185683374696552,
  "n_hours": 8784,
  "elapsed_s": 822.9
}