{
  "regime_probability_3": 14.185287475585938,
  "years_since_ukraine_war": 8.360472679138184,
  "clean_spark_spread": 8.093506813049316,
  "dark_spread": 7.193731784820557,
  "price_roll7d_mean": 4.330959796905518,
  "actual_lignite_generation_mw": 3.791733741760254,
  "regime_probability_2": 3.219573974609375,
  "price_lag_24h": 3.026984453201294,
  "price_lag_168h": 2.8209190368652344,
  "thermal_gap": 2.564473867416382,
  "gas_plus_lignite_mw": 2.2508533000946045,
  "dow_cos": 2.1235315799713135,
  "price_lag_336h": 1.9703558683395386,
  "residual_load": 1.9001017808914185,
  "price_lag_72h": 1.5804492235183716,
  "regime_probability_1": 1.5221725702285767,
  "price_roll28d_std": 1.4506736993789673,
  "residual_load_lag_24h": 1.300810694694519,
  "gas_x_residual_load": 1.293662667274475,
  "price_roll7d_skewness": 1.1028063297271729,
  "negative_price_probability": 0.9813793301582336,
  "residual_load_x_hour": 0.9270675778388977,
  "regime_probability_0": 0.9095869064331055,
  "woy_cos": 0.8850390315055847,
  "price_lag_8736h": 0.8833885192871094,
  "price_roll7d_std": 0.8782596588134766,
  "solar_share_of_peak_hours": 0.8106140494346619,
  "price_lag_672h": 0.7596378326416016,
  "actual_gas_generation_mw": 0.7383460998535156,
  "residual_load_roll7d_mean": 0.7263662219047546,
  "days_since_year_start": 0.6293609738349915,
  "hour_sin": 0.532209575176239,
  "wind_ramp_rate": 0.43698689341545105,
  "price_lag_48h": 0.423833966255188,
  "solar_ramp_rate": 0.3912377655506134,
  "wind_x_offpeak": 0.38634923100471497,
  "wind_lag_24h": 0.38591358065605164,
  "dow_sin": 0.3680064380168915,
  "month_cos": 0.24434757232666016,
  "hour_cos": 0.23218606412410736,
  "week_of_year": 0.23010371625423431,
  "residual_load_normalised": 0.21173447370529175,
  "price_roll28d_mean": 0.18715016543865204,
  "fr_nuclear_x_de_load": 0.18116863071918488,
  "price_regime": 0.1595240980386734,
  "renewable_pen_x_weekend": 0.1535307615995407,
  "price_roll7d_min": 0.14420995116233826,
  "season": 0.13979676365852356,
  "thermal_share": 0.13138332962989807,
  "post_nuclear_phaseout": 0.08179893344640732,
  "month_sin": 0.08141092211008072,
  "renewable_pen_roll7d_mean": 0.06143171712756157,
  "price_roll7d_max": 0.04113046079874039,
  "woy_sin": 0.04058201611042023,
  "wind_solar_combined": 0.038042206317186356,
  "renewable_penetration": 0.0371023565530777,
  "residual_load_lag_168h": 0.03557560220360756,
  "is_weekend": 0.025999873876571655,
  "post_ukraine_war": 0.019079366698861122,
  "hour_of_day": 0.01881597377359867,
  "month_in_summer": 0.012544670142233372,
  "quarter_hour_of_day": 0.010622143745422363,
  "solar_cannibal_risk": 0.01011359877884388,
  "is_peak_hour": 0.008184141479432583,
  "solar_x_summer_weekend": 0.007578492630273104,
  "negative_price_freq_7d": 0.00656978040933609,
  "fr_nuclear_avail": 0.0034821657463908195,
  "is_german_holiday": 0.0009577101445756853,
  "ttf_7d_change": 0.0006371725467033684,
  "gas_to_coal_switch_price": 0.00023888697614893317,
  "ttf_gas_price": 0.00021298619685694575,
  "net_import_ratio": 0.0,
  "de_fr_flow": 0.0,
  "eua_carbon_price": 0.0,
  "eua_7d_change": 0.0,
  "summer_solar_weekend": 0.0,
  "dunkelflaute_day_index": 0.0,
  "dunkelflaute_severity": 0.0
}