{
  "threshold": 0.95,
  "correlations": {
    "residual_load": 0.5620001909575328,
    "residual_load_normalised": 0.5169463957420143,
    "renewable_penetration": -0.5169463957420142,
    "wind_solar_combined": -0.44351824137345125,
    "thermal_gap": 0.5125193719505609,
    "net_import_ratio": NaN,
    "de_fr_flow": NaN,
    "fr_nuclear_avail": -0.00760888870564744,
    "solar_share_of_peak_hours": -0.2905835891482495,
    "wind_ramp_rate": -0.03635451434208294,
    "solar_ramp_rate": -0.11705413724482257,
    "actual_gas_generation_mw": 0.19319584372834153,
    "actual_lignite_generation_mw": 0.6013775246252613,
    "gas_plus_lignite_mw": 0.474861348202698,
    "thermal_share": 0.45013789871551724,
    "ttf_gas_price": -0.007608888705647421,
    "eua_carbon_price": NaN,
    "clean_spark_spread": 0.851935684186825,
    "dark_spread": 0.8519353238296977,
    "gas_to_coal_switch_price": -0.0076088887056472675,
    "ttf_7d_change": -0.003140226253327086,
    "eua_7d_change": NaN,
    "hour_sin": -0.09117015861602251,
    "hour_cos": -0.019123989939177806,
    "dow_sin": 0.15139869853273738,
    "dow_cos": -0.035590237344181555,
    "month_sin": -0.15441762607415602,
    "month_cos": -0.05472652438769849,
    "woy_sin": -0.14959638292702412,
    "woy_cos": -0.08246606376180733,
    "is_weekend": -0.16877844259549227,
    "is_german_holiday": -0.08453011558139954,
    "days_since_year_start": 0.08872509340286994,
    "season": 0.08167091553411478,
    "is_peak_hour": 0.12296967008723247,
    "quarter_hour_of_day": 0.05614713279563483,
    "hour_of_day": 0.05614713279563483,
    "week_of_year": 0.08364577713453013,
    "price_lag_24h": 0.8519353238296975,
    "price_lag_48h": 0.7681371643856365,
    "price_lag_72h": 0.7386580614387609,
    "price_lag_168h": 0.756698331654728,
    "price_lag_336h": 0.6928424044973189,
    "price_lag_672h": 0.5682661966823931,
    "price_lag_8736h": 0.2890763680292573,
    "residual_load_lag_24h": 0.40251866431202177,
    "residual_load_lag_168h": 0.3332386726660737,
    "wind_lag_24h": -0.2678541093140551,
    "price_roll7d_mean": 0.7827274942817586,
    "price_roll7d_std": 0.6019492277162111,
    "price_roll7d_max": 0.6325277991803308,
    "price_roll7d_min": 0.39072742295531376,
    "price_roll28d_mean": 0.7031955967967292,
    "price_roll28d_std": 0.5745286484915384,
    "residual_load_roll7d_mean": 0.32903681381565086,
    "renewable_pen_roll7d_mean": -0.35057306209093025,
    "price_roll7d_skewness": -0.07471659597791153,
    "negative_price_freq_7d": -0.28414181526686516,
    "month_in_summer": 0.10417841534739578,
    "gas_x_residual_load": 0.5613177701865535,
    "wind_x_offpeak": -0.3147918536256571,
    "solar_x_summer_weekend": -0.16672602136165057,
    "summer_solar_weekend": -0.16672602136165057,
    "residual_load_x_hour": 0.3310885919478259,
    "fr_nuclear_x_de_load": 0.18129622202453527,
    "renewable_pen_x_weekend": -0.29187750674319424,
    "price_regime": 0.502171149092574,
    "regime_probability_0": -0.29168210529128435,
    "regime_probability_1": -0.3916998500524494,
    "regime_probability_2": 0.42479126756374586,
    "regime_probability_3": 0.23757356371240365,
    "dunkelflaute_day_index": 0.07982364651181538,
    "dunkelflaute_severity": 0.07260704702867767,
    "solar_cannibal_risk": -0.16149603081710986,
    "post_ukraine_war": -0.021486613959168406,
    "post_nuclear_phaseout": -0.5386003904914938,
    "years_since_ukraine_war": -0.49378001186390735
  },
  "offenders": [],
  "pass": true
}